{
  "name": "Maven AI Team ----> Maria",
  "nodes": [
    {
      "parameters": {
        "assignments": {
          "assignments": [
            {
              "id": "4f360190-a717-4a93-8336-d03ea65975d5",
              "name": "response",
              "value": "={{ $json.output }}",
              "type": "string"
            }
          ]
        },
        "options": {}
      },
      "type": "n8n-nodes-base.set",
      "typeVersion": 3.4,
      "position": [
        -20,
        -80
      ],
      "id": "4f152e1b-f49f-4d6c-a0ae-b968ffc54a2c",
      "name": "Response"
    },
    {
      "parameters": {
        "assignments": {
          "assignments": [
            {
              "id": "4f360190-a717-4a93-8336-d03ea65975d5",
              "name": "response",
              "value": "Não consegui performar essa tarefa, Well. Tente novamente, por favor :)",
              "type": "string"
            }
          ]
        },
        "options": {}
      },
      "type": "n8n-nodes-base.set",
      "typeVersion": 3.4,
      "position": [
        -20,
        120
      ],
      "id": "71cf93dd-a7fc-4e4b-beaf-ec49937c147e",
      "name": "Try Again"
    },
    {
      "parameters": {
        "inputSource": "passthrough"
      },
      "type": "n8n-nodes-base.executeWorkflowTrigger",
      "typeVersion": 1.1,
      "position": [
        -780,
        40
      ],
      "id": "a7399a7f-6e24-4a12-97cb-e73619be47ca",
      "name": "When Executed by Another Workflow"
    },
    {
      "parameters": {
        "options": {}
      },
      "type": "@n8n/n8n-nodes-langchain.lmChatOpenAi",
      "typeVersion": 1.1,
      "position": [
        -620,
        260
      ],
      "id": "2b57d41c-0698-4b1d-9dd6-0bccaea9f57b",
      "name": "OpenAI Chat Model",
      "credentials": {
        "openAiApi": {
          "id": "kOT8f0zmgxdnLBVG",
          "name": "OpenAi account - Maven AI"
        }
      }
    },
    {
      "parameters": {
        "databaseId": 180836,
        "tableId": 443430,
        "returnAll": true,
        "additionalOptions": {}
      },
      "type": "n8n-nodes-base.baserowTool",
      "typeVersion": 1,
      "position": [
        -440,
        260
      ],
      "id": "18e99ad3-e7c4-4858-afab-3b7450095602",
      "name": "Ler Despesas",
      "credentials": {
        "baserowApi": {
          "id": "7jkk2shBfhYvESGN",
          "name": "Well Pires YT Demos"
        }
      }
    },
    {
      "parameters": {
        "operation": "update",
        "databaseId": 180836,
        "tableId": 443430,
        "rowId": "={{ $fromAI(\"rowID\", \"ID da Row do contato que iremos atualizar\") }}",
        "fieldsUi": {
          "fieldValues": [
            {
              "fieldId": 3440889,
              "fieldValue": "={{ $fromAI(\"expenses\") }}"
            },
            {
              "fieldId": 3440894,
              "fieldValue": "={{ $fromAI(\"cost\") }}"
            }
          ]
        }
      },
      "type": "n8n-nodes-base.baserowTool",
      "typeVersion": 1,
      "position": [
        -300,
        260
      ],
      "id": "070ac310-eb65-4d46-a009-8d4e0bae767f",
      "name": "Atualizar Despesas",
      "credentials": {
        "baserowApi": {
          "id": "7jkk2shBfhYvESGN",
          "name": "Well Pires YT Demos"
        }
      }
    },
    {
      "parameters": {
        "operation": "create",
        "databaseId": 180836,
        "tableId": 443430,
        "fieldsUi": {
          "fieldValues": [
            {
              "fieldId": 3440889,
              "fieldValue": "={{ $fromAI(\"expenses\", \"Despesa a qual o usuário deseja adicionar na sua tabela de despesas\") }}"
            },
            {
              "fieldId": 3440894,
              "fieldValue": "={{ $fromAI(\"cost\", \"Custo total da despesa a qual o usuário deseja adicionar na sua tabela de despesas em reais\") }}"
            }
          ]
        }
      },
      "type": "n8n-nodes-base.baserowTool",
      "typeVersion": 1,
      "position": [
        -140,
        260
      ],
      "id": "fed092ba-9c3c-43d7-abb5-ecda2dcc4a4b",
      "name": "Adicionar Despesas",
      "credentials": {
        "baserowApi": {
          "id": "7jkk2shBfhYvESGN",
          "name": "Well Pires YT Demos"
        }
      }
    },
    {
      "parameters": {
        "promptType": "define",
        "text": "={{ $json.query }}",
        "options": {
          "systemMessage": "=# Visão Geral\nVocê é um assistente de gerenciamento de finanças. Suas responsabilidades incluem \nbuscar o custo total com despesas, atualizar custos com despesas, ou criar novas linhas na nossa tabela de despesas com uma nova despesa e seu custo total. Sempre manipule os valores das despesas em reais brasileiros. Exemplo: R$250,00\n\n**Gerenciamento de Finanças**\n- Use \"Ler Despesas\" para recuperar informações de despesas e custos e extrair o ID da Row que iremos atualizar, caso o usuário deseje atualizar uma despesa.\n- Use \"Adicionar Despesa\" para adicionar uma nova despesa que o usuário informou, na sua tabela de despesas.\n- Use \"Atualizar Despesa\" para atualizar uma despesa existente na tabela de despesas do usuário.\n"
        }
      },
      "type": "@n8n/n8n-nodes-langchain.agent",
      "typeVersion": 1.7,
      "position": [
        -560,
        40
      ],
      "id": "952c4252-c3e0-41f1-b64c-7033e2490f65",
      "name": "Maria",
      "onError": "continueErrorOutput"
    }
  ],
  "pinData": {},
  "connections": {
    "When Executed by Another Workflow": {
      "main": [
        [
          {
            "node": "Maria",
            "type": "main",
            "index": 0
          }
        ]
      ]
    },
    "OpenAI Chat Model": {
      "ai_languageModel": [
        [
          {
            "node": "Maria",
            "type": "ai_languageModel",
            "index": 0
          }
        ]
      ]
    },
    "Ler Despesas": {
      "ai_tool": [
        [
          {
            "node": "Maria",
            "type": "ai_tool",
            "index": 0
          }
        ]
      ]
    },
    "Atualizar Despesas": {
      "ai_tool": [
        [
          {
            "node": "Maria",
            "type": "ai_tool",
            "index": 0
          }
        ]
      ]
    },
    "Adicionar Despesas": {
      "ai_tool": [
        [
          {
            "node": "Maria",
            "type": "ai_tool",
            "index": 0
          }
        ]
      ]
    },
    "Maria": {
      "main": [
        [
          {
            "node": "Response",
            "type": "main",
            "index": 0
          }
        ],
        [
          {
            "node": "Try Again",
            "type": "main",
            "index": 0
          }
        ]
      ]
    }
  },
  "active": false,
  "settings": {
    "executionOrder": "v1"
  },
  "versionId": "59f01f6f-96e1-4299-af57-8072066db0c6",
  "meta": {
    "templateCredsSetupCompleted": true,
    "instanceId": "18988e6b4f42af40aca85a1163391e48c93f3b0236839a2cfb30e918dffc1c42"
  },
  "id": "J81YpE1a2myzp0Gb",
  "tags": []
}