{
  "name": "Maven AI Team ---> Martina",
  "nodes": [
    {
      "parameters": {
        "inputSource": "passthrough"
      },
      "type": "n8n-nodes-base.executeWorkflowTrigger",
      "typeVersion": 1.1,
      "position": [
        -160,
        0
      ],
      "id": "ad1e0716-7faf-4044-895a-64e238f4f21b",
      "name": "Workflow Input Trigger"
    },
    {
      "parameters": {
        "options": {}
      },
      "type": "@n8n/n8n-nodes-langchain.lmChatOpenAi",
      "typeVersion": 1.1,
      "position": [
        -320,
        200
      ],
      "id": "2ab187df-e219-4518-8ee1-d3f724c70cac",
      "name": "OpenAI Chat Model",
      "credentials": {
        "openAiApi": {
          "id": "kOT8f0zmgxdnLBVG",
          "name": "OpenAi account - Maven AI"
        }
      }
    },
    {
      "parameters": {
        "sendTo": "={{ $fromAI(\"emailAdress\", \"endereco de emaill\") }}",
        "subject": "={{ $fromAI(\"subject\", \"titulo do email\") }}",
        "message": "={{ $fromAI(\"body\", \"corpo do email formatado em HTML\") }}",
        "options": {}
      },
      "type": "n8n-nodes-base.gmailTool",
      "typeVersion": 2.1,
      "position": [
        -200,
        260
      ],
      "id": "2eb42808-849b-4bfc-9769-c429385ac51a",
      "name": "Enviar Emails",
      "webhookId": "c56edbd9-9a09-4225-a12d-b5829226a58c",
      "credentials": {
        "gmailOAuth2": {
          "id": "l8n3h8F0s9TC7Qdg",
          "name": "Well Pires Credentials"
        }
      }
    },
    {
      "parameters": {
        "operation": "getAll",
        "limit": "={{ $fromAI(\"limit\", \"quantidade de emails que o usuário deseja\" ) }}",
        "filters": {
          "sender": "={{ $fromAI(\"sender\", \"quem enviou os emails que o usuario deseja ler\") }}"
        }
      },
      "type": "n8n-nodes-base.gmailTool",
      "typeVersion": 2.1,
      "position": [
        -60,
        320
      ],
      "id": "68eebb34-600a-455b-9cb7-39818f6180d5",
      "name": "Ler Emails",
      "webhookId": "ba4331de-1b34-4c98-8354-df7dea51645e",
      "credentials": {
        "gmailOAuth2": {
          "id": "l8n3h8F0s9TC7Qdg",
          "name": "Well Pires Credentials"
        }
      }
    },
    {
      "parameters": {
        "operation": "addLabels",
        "messageId": "={{ $fromAI(\"ID\", \"ID da Mensagem\") }}",
        "labelIds": "={{ $fromAI(\"labelID\", \"ID do Rótulo no Gmail\") }}"
      },
      "type": "n8n-nodes-base.gmailTool",
      "typeVersion": 2.1,
      "position": [
        80,
        360
      ],
      "id": "529fd25b-5ac6-4284-aa95-d9537f7ca558",
      "name": "Rotular Emails",
      "webhookId": "a5897a47-7200-4aaf-b706-20bab8488da2",
      "credentials": {
        "gmailOAuth2": {
          "id": "l8n3h8F0s9TC7Qdg",
          "name": "Well Pires Credentials"
        }
      }
    },
    {
      "parameters": {
        "operation": "reply",
        "messageId": "={{ $fromAI(\"messageID\",\"ID da mensagem\") }}",
        "message": "={{ $fromAI(\"emailBody\") }}",
        "options": {
          "appendAttribution": false
        }
      },
      "type": "n8n-nodes-base.gmailTool",
      "typeVersion": 2.1,
      "position": [
        220,
        360
      ],
      "id": "66a39309-bb5c-49d5-9c15-bd8b6a2d4335",
      "name": "Responder Emails",
      "webhookId": "4991486c-7501-4932-9354-089fa250ce9b",
      "credentials": {
        "gmailOAuth2": {
          "id": "l8n3h8F0s9TC7Qdg",
          "name": "Well Pires Credentials"
        }
      }
    },
    {
      "parameters": {
        "resource": "draft",
        "subject": "={{ $fromAI(\"subject\", \"Titulo do Email\") }}",
        "emailType": "html",
        "message": "={{ $fromAI(\"body\", \"corpo do Email em HTML\") }}",
        "options": {
          "sendTo": "={{ $fromAI(\"emailAddress\", \"Endereco  de Email do Destinatario\") }}"
        }
      },
      "type": "n8n-nodes-base.gmailTool",
      "typeVersion": 2.1,
      "position": [
        640,
        240
      ],
      "id": "545a0f6a-f5c9-4fbb-8f01-3c0074b1553e",
      "name": "Criar Rascunho",
      "webhookId": "17016bce-d7d7-428a-a56c-f6ea122db8be",
      "credentials": {
        "gmailOAuth2": {
          "id": "l8n3h8F0s9TC7Qdg",
          "name": "Well Pires Credentials"
        }
      }
    },
    {
      "parameters": {
        "assignments": {
          "assignments": [
            {
              "id": "9c8fc487-5c9d-410a-b047-dd5631c32cb4",
              "name": "response",
              "value": "={{$json.output}}",
              "type": "string"
            }
          ]
        },
        "options": {}
      },
      "type": "n8n-nodes-base.set",
      "typeVersion": 3.4,
      "position": [
        680,
        -80
      ],
      "id": "608f1551-cdab-461d-b7dc-671cf510a089",
      "name": "Edit Fields"
    },
    {
      "parameters": {
        "assignments": {
          "assignments": [
            {
              "id": "dd156434-d7ce-4c15-9604-45464f80c954",
              "name": "response",
              "value": "Não consegui performar essa tarefa, Well. Tente novamente, por favor :)",
              "type": "string"
            }
          ]
        },
        "options": {}
      },
      "type": "n8n-nodes-base.set",
      "typeVersion": 3.4,
      "position": [
        680,
        60
      ],
      "id": "2407f2ca-e897-4c0b-9751-31cff49f9052",
      "name": "Edit Fields1"
    },
    {
      "parameters": {
        "promptType": "define",
        "text": "={{ $json.query }}",
        "options": {
          "systemMessage": "=# Visão Geral\nVocê é um assistente de gerenciamento de e-mails. Todos os e-mails devem ser \nformatados profissionalmente em HTML e assinados como \"Well :)\"\n\n**Ferramentas de Gerenciamento de E-mails**\n- Use \"Enviar Email\" para enviar e-mails.\n- Use \"Criar Rascunho\" se o usuário pedir um rascunho.\n- Use \"Ler Emails\" para recuperar e-mails quando solicitado.\n- Use \"Ler Rótulos\" para recuperar marcadores.\n- Use \"Marcar Não Lido\" para marcar um e-mail como não lido. Você deve usar \n  \"Ler Emails\" primeiro para ter o ID da mensagem do e-mail a ser marcado.\n- Use \"Rotular Emails\" para adicionar uma etiqueta a um e-mail. Você deve usar \n  \"Ler Emails\" primeiro para ter o ID da mensagem do e-mail a ser marcado. \n  Depois, deve usar \"Ler Rótulos\" para ter o ID da etiqueta.\n- Use \"Responder Emails\" para responder a um e-mail. Você deve usar \"Ler Emails\" \n  primeiro para ter o ID da mensagem do e-mail ao qual deseja responder.\n\n## Notas Finais\n- Aqui está a data/hora atual: {{ $now }}\n"
        }
      },
      "type": "@n8n/n8n-nodes-langchain.agent",
      "typeVersion": 1.7,
      "position": [
        80,
        0
      ],
      "id": "bec66aa5-1c0c-41f2-a08e-81e5cf0f1b2c",
      "name": "Martina",
      "onError": "continueErrorOutput"
    },
    {
      "parameters": {
        "resource": "label",
        "returnAll": true
      },
      "type": "n8n-nodes-base.gmailTool",
      "typeVersion": 2.1,
      "position": [
        360,
        340
      ],
      "id": "b8578630-b466-4862-aff5-0bf91f42d603",
      "name": "Ler Rotulos",
      "webhookId": "9e08b59e-792d-4566-83f1-9263c9ad86ae",
      "credentials": {
        "gmailOAuth2": {
          "id": "l8n3h8F0s9TC7Qdg",
          "name": "Well Pires Credentials"
        }
      }
    },
    {
      "parameters": {
        "operation": "markAsUnread",
        "messageId": "={{ $fromAI(\"messageID\") }}"
      },
      "type": "n8n-nodes-base.gmailTool",
      "typeVersion": 2.1,
      "position": [
        500,
        300
      ],
      "id": "2429b1fe-a074-46fa-bd98-08e3a403fa4a",
      "name": "Marcar Nao Lido",
      "webhookId": "616fa686-08d5-451e-9e08-e21920f47e95",
      "credentials": {
        "gmailOAuth2": {
          "id": "l8n3h8F0s9TC7Qdg",
          "name": "Well Pires Credentials"
        }
      }
    }
  ],
  "pinData": {},
  "connections": {
    "Workflow Input Trigger": {
      "main": [
        [
          {
            "node": "Martina",
            "type": "main",
            "index": 0
          }
        ]
      ]
    },
    "OpenAI Chat Model": {
      "ai_languageModel": [
        [
          {
            "node": "Martina",
            "type": "ai_languageModel",
            "index": 0
          }
        ]
      ]
    },
    "Enviar Emails": {
      "ai_tool": [
        [
          {
            "node": "Martina",
            "type": "ai_tool",
            "index": 0
          }
        ]
      ]
    },
    "Ler Emails": {
      "ai_tool": [
        [
          {
            "node": "Martina",
            "type": "ai_tool",
            "index": 0
          }
        ]
      ]
    },
    "Rotular Emails": {
      "ai_tool": [
        [
          {
            "node": "Martina",
            "type": "ai_tool",
            "index": 0
          }
        ]
      ]
    },
    "Responder Emails": {
      "ai_tool": [
        [
          {
            "node": "Martina",
            "type": "ai_tool",
            "index": 0
          }
        ]
      ]
    },
    "Criar Rascunho": {
      "ai_tool": [
        [
          {
            "node": "Martina",
            "type": "ai_tool",
            "index": 0
          }
        ]
      ]
    },
    "Martina": {
      "main": [
        [
          {
            "node": "Edit Fields",
            "type": "main",
            "index": 0
          }
        ],
        [
          {
            "node": "Edit Fields1",
            "type": "main",
            "index": 0
          }
        ]
      ]
    },
    "Ler Rotulos": {
      "ai_tool": [
        [
          {
            "node": "Martina",
            "type": "ai_tool",
            "index": 0
          }
        ]
      ]
    },
    "Marcar Nao Lido": {
      "ai_tool": [
        [
          {
            "node": "Martina",
            "type": "ai_tool",
            "index": 0
          }
        ]
      ]
    }
  },
  "active": false,
  "settings": {
    "executionOrder": "v1"
  },
  "versionId": "b250d7b1-67ad-427c-be2c-6c5a20a9442a",
  "meta": {
    "templateCredsSetupCompleted": true,
    "instanceId": "18988e6b4f42af40aca85a1163391e48c93f3b0236839a2cfb30e918dffc1c42"
  },
  "id": "p0Bnt1syfruwYPU3",
  "tags": []
}