{
  "name": "Maven AI Team ---> Mafalda",
  "nodes": [
    {
      "parameters": {
        "assignments": {
          "assignments": [
            {
              "id": "4f360190-a717-4a93-8336-d03ea65975d5",
              "name": "response",
              "value": "={{ $json.output }}",
              "type": "string"
            }
          ]
        },
        "options": {}
      },
      "type": "n8n-nodes-base.set",
      "typeVersion": 3.4,
      "position": [
        200,
        -160
      ],
      "id": "408158c5-3a5a-4b23-aaa9-d7a8af8d6862",
      "name": "Response"
    },
    {
      "parameters": {
        "assignments": {
          "assignments": [
            {
              "id": "4f360190-a717-4a93-8336-d03ea65975d5",
              "name": "response",
              "value": "Não consegui performar essa tarefa, Well. Tente novamente, por favor :)",
              "type": "string"
            }
          ]
        },
        "options": {}
      },
      "type": "n8n-nodes-base.set",
      "typeVersion": 3.4,
      "position": [
        200,
        20
      ],
      "id": "1df7cd77-1fcd-4d94-ad79-ad410bb02ab9",
      "name": "Try Again"
    },
    {
      "parameters": {
        "inputSource": "passthrough"
      },
      "type": "n8n-nodes-base.executeWorkflowTrigger",
      "typeVersion": 1.1,
      "position": [
        -540,
        -80
      ],
      "id": "57fdd013-588f-4bd6-8678-ae0b72f97374",
      "name": "When Executed by Another Workflow"
    },
    {
      "parameters": {
        "options": {}
      },
      "type": "@n8n/n8n-nodes-langchain.lmChatOpenAi",
      "typeVersion": 1.1,
      "position": [
        -380,
        140
      ],
      "id": "d8868ff3-5b15-4f2e-af6c-8802b75f0aaa",
      "name": "OpenAI Chat Model",
      "credentials": {
        "openAiApi": {
          "id": "kOT8f0zmgxdnLBVG",
          "name": "OpenAi account - Maven AI"
        }
      }
    },
    {
      "parameters": {
        "databaseId": 180836,
        "tableId": 443426,
        "returnAll": true,
        "additionalOptions": {}
      },
      "type": "n8n-nodes-base.baserowTool",
      "typeVersion": 1,
      "position": [
        -200,
        140
      ],
      "id": "e51b20e1-9fa0-4f48-99c0-9fc31da1049f",
      "name": "Ler Contatos",
      "credentials": {
        "baserowApi": {
          "id": "7jkk2shBfhYvESGN",
          "name": "Well Pires YT Demos"
        }
      }
    },
    {
      "parameters": {
        "operation": "update",
        "databaseId": 180836,
        "tableId": 443426,
        "rowId": "={{ $fromAI(\"rowID\", \"ID da Row do contato que iremos atualizar\") }}",
        "fieldsUi": {
          "fieldValues": [
            {
              "fieldId": 3440866,
              "fieldValue": "={{ $fromAI(\"name\") }}"
            },
            {
              "fieldId": 3440867,
              "fieldValue": "={{ $fromAI(\"emailAdress\") }}"
            },
            {
              "fieldId": 3440868,
              "fieldValue": "={{ $fromAI(\"phoneNumber\") }}"
            }
          ]
        }
      },
      "type": "n8n-nodes-base.baserowTool",
      "typeVersion": 1,
      "position": [
        -60,
        140
      ],
      "id": "93769e51-8ae8-473a-b6df-bd0e2fb64372",
      "name": "Atualizar Contatos",
      "credentials": {
        "baserowApi": {
          "id": "7jkk2shBfhYvESGN",
          "name": "Well Pires YT Demos"
        }
      }
    },
    {
      "parameters": {
        "promptType": "define",
        "text": "={{ $json.query }}",
        "options": {
          "systemMessage": "=# Visão Geral\nVocê é um assistente de gerenciamento de contatos. Suas responsabilidades incluem \nbuscar contatos, adicionar novos contatos ou atualizar as informações de um contato.\n\n**Gerenciamento de Contatos**\n- Use \"Obter Contatos\" para recuperar informações de contato e extrair o ID da Row que iremos atualizar.\n- Use \"Adicionar ou Atualizar Contato\" para armazenar novas informações de contato \n  ou modificar entradas existentes.\n"
        }
      },
      "type": "@n8n/n8n-nodes-langchain.agent",
      "typeVersion": 1.7,
      "position": [
        -320,
        -80
      ],
      "id": "f5e5d284-cf7f-4fe0-894d-56666d9b8645",
      "name": "Mafalda",
      "onError": "continueErrorOutput"
    }
  ],
  "pinData": {},
  "connections": {
    "When Executed by Another Workflow": {
      "main": [
        [
          {
            "node": "Mafalda",
            "type": "main",
            "index": 0
          }
        ]
      ]
    },
    "OpenAI Chat Model": {
      "ai_languageModel": [
        [
          {
            "node": "Mafalda",
            "type": "ai_languageModel",
            "index": 0
          }
        ]
      ]
    },
    "Ler Contatos": {
      "ai_tool": [
        [
          {
            "node": "Mafalda",
            "type": "ai_tool",
            "index": 0
          }
        ]
      ]
    },
    "Atualizar Contatos": {
      "ai_tool": [
        [
          {
            "node": "Mafalda",
            "type": "ai_tool",
            "index": 0
          }
        ]
      ]
    },
    "Mafalda": {
      "main": [
        [
          {
            "node": "Response",
            "type": "main",
            "index": 0
          }
        ],
        [
          {
            "node": "Try Again",
            "type": "main",
            "index": 0
          }
        ]
      ]
    }
  },
  "active": false,
  "settings": {
    "executionOrder": "v1"
  },
  "versionId": "f0b6bc30-9f45-4717-a367-cca1bb372338",
  "meta": {
    "templateCredsSetupCompleted": true,
    "instanceId": "18988e6b4f42af40aca85a1163391e48c93f3b0236839a2cfb30e918dffc1c42"
  },
  "id": "LklZyhEHVdPAhlfs",
  "tags": []
}