{
  "name": "Maven AI Team ---> Marcela",
  "nodes": [
    {
      "parameters": {
        "httpMethod": "POST",
        "path": "2412acf3-fdba-4bdd-96f2-0f5ebe5eb177",
        "options": {}
      },
      "type": "n8n-nodes-base.webhook",
      "typeVersion": 2,
      "position": [
        -1580,
        20
      ],
      "id": "26096b8b-cca3-4f9f-a42c-ecf019da1bc7",
      "name": "Webhook",
      "webhookId": "2412acf3-fdba-4bdd-96f2-0f5ebe5eb177"
    },
    {
      "parameters": {
        "options": {}
      },
      "type": "@n8n/n8n-nodes-langchain.lmChatOpenAi",
      "typeVersion": 1.1,
      "position": [
        -660,
        160
      ],
      "id": "063b69e9-983e-4aa7-a7a9-dbe227e2e88f",
      "name": "OpenAI Chat Model",
      "credentials": {
        "openAiApi": {
          "id": "kOT8f0zmgxdnLBVG",
          "name": "OpenAi account - Maven AI"
        }
      }
    },
    {
      "parameters": {
        "sessionIdType": "customKey",
        "sessionKey": "={{ $('Webhook').item.json.body.data.key.remoteJid }}",
        "contextWindowLength": 20
      },
      "type": "@n8n/n8n-nodes-langchain.memoryBufferWindow",
      "typeVersion": 1.3,
      "position": [
        -500,
        160
      ],
      "id": "85aabec1-3405-487a-8f02-9b53c2e5a1f3",
      "name": "Window Buffer Memory"
    },
    {
      "parameters": {
        "rules": {
          "values": [
            {
              "conditions": {
                "options": {
                  "caseSensitive": true,
                  "leftValue": "",
                  "typeValidation": "strict",
                  "version": 2
                },
                "conditions": [
                  {
                    "leftValue": "={{ $('Webhook').item.json.body.data.messageType }}",
                    "rightValue": "conversation",
                    "operator": {
                      "type": "string",
                      "operation": "equals"
                    }
                  }
                ],
                "combinator": "and"
              },
              "renameOutput": true,
              "outputKey": "texto"
            },
            {
              "conditions": {
                "options": {
                  "caseSensitive": true,
                  "leftValue": "",
                  "typeValidation": "strict",
                  "version": 2
                },
                "conditions": [
                  {
                    "id": "810dd392-110f-4023-ac55-e15d74af239b",
                    "leftValue": "={{ $('Webhook').item.json.body.data.messageType }}",
                    "rightValue": "audioMessage",
                    "operator": {
                      "type": "string",
                      "operation": "equals",
                      "name": "filter.operator.equals"
                    }
                  }
                ],
                "combinator": "and"
              },
              "renameOutput": true,
              "outputKey": "áudio"
            }
          ]
        },
        "options": {}
      },
      "type": "n8n-nodes-base.switch",
      "typeVersion": 3.2,
      "position": [
        -1400,
        20
      ],
      "id": "cc1c7a89-0fc6-4853-b781-80debf11a399",
      "name": "Switch"
    },
    {
      "parameters": {
        "assignments": {
          "assignments": [
            {
              "id": "95f26e4c-07f5-4045-b530-11e52db0cc47",
              "name": "mensagem",
              "value": "={{ $('Webhook').item.json.body.data.message.conversation }}",
              "type": "string"
            }
          ]
        },
        "options": {}
      },
      "type": "n8n-nodes-base.set",
      "typeVersion": 3.4,
      "position": [
        -1080,
        -60
      ],
      "id": "97df2e8d-4153-4aab-85d0-fb8cf88ead73",
      "name": "Edit Fields"
    },
    {
      "parameters": {
        "assignments": {
          "assignments": [
            {
              "id": "f053e282-cb44-494a-a95e-f312e5c50e94",
              "name": "Base64",
              "value": "={{ $('Webhook').item.json.body.data.message.base64 }}",
              "type": "string"
            }
          ]
        },
        "options": {}
      },
      "type": "n8n-nodes-base.set",
      "typeVersion": 3.4,
      "position": [
        -1220,
        120
      ],
      "id": "a59d10c7-459e-4171-abf7-f9c621cc0821",
      "name": "Edit Fields1"
    },
    {
      "parameters": {
        "operation": "toBinary",
        "sourceProperty": "Base64",
        "options": {
          "mimeType": "audio/mp3"
        }
      },
      "type": "n8n-nodes-base.convertToFile",
      "typeVersion": 1.1,
      "position": [
        -1080,
        120
      ],
      "id": "111f70cf-60dc-4b76-b4cc-bee00df44840",
      "name": "Convert to File"
    },
    {
      "parameters": {
        "resource": "audio",
        "operation": "transcribe",
        "options": {}
      },
      "type": "@n8n/n8n-nodes-langchain.openAi",
      "typeVersion": 1.8,
      "position": [
        -940,
        120
      ],
      "id": "253bd64b-d04b-4a97-aa6b-7cc525db1a94",
      "name": "OpenAI",
      "credentials": {
        "openAiApi": {
          "id": "kOT8f0zmgxdnLBVG",
          "name": "OpenAi account - Maven AI"
        }
      }
    },
    {
      "parameters": {
        "name": "Martina",
        "description": "Use essa tool toda vez que o usuário desejar ativar uma ação que envolva Emails",
        "workflowId": {
          "__rl": true,
          "value": "p0Bnt1syfruwYPU3",
          "mode": "id"
        },
        "workflowInputs": {
          "mappingMode": "defineBelow",
          "value": {},
          "matchingColumns": [],
          "schema": [],
          "attemptToConvertTypes": false,
          "convertFieldsToString": false
        }
      },
      "type": "@n8n/n8n-nodes-langchain.toolWorkflow",
      "typeVersion": 2,
      "position": [
        -360,
        180
      ],
      "id": "78579d44-8d6c-448b-9b66-29b350f67304",
      "name": "Martina"
    },
    {
      "parameters": {
        "name": "Malu",
        "description": "Use essa tool toda vez que o usuário desejar fazer uma ação com o calendário",
        "workflowId": {
          "__rl": true,
          "value": "dBAnz7cy2XlcVGMw",
          "mode": "id"
        },
        "workflowInputs": {
          "mappingMode": "defineBelow",
          "value": {},
          "matchingColumns": [],
          "schema": [],
          "attemptToConvertTypes": false,
          "convertFieldsToString": false
        }
      },
      "type": "@n8n/n8n-nodes-langchain.toolWorkflow",
      "typeVersion": 2,
      "position": [
        -220,
        180
      ],
      "id": "7ed32ac5-a43b-4c36-8591-87b99e41758f",
      "name": "Malu"
    },
    {
      "parameters": {
        "name": "Mafalda",
        "description": "Use essa tool toda vez que o usuário desejar realizar uma ação com sua lista de contatos",
        "workflowId": {
          "__rl": true,
          "value": "LklZyhEHVdPAhlfs",
          "mode": "id"
        },
        "workflowInputs": {
          "mappingMode": "defineBelow",
          "value": {},
          "matchingColumns": [],
          "schema": [],
          "attemptToConvertTypes": false,
          "convertFieldsToString": false
        }
      },
      "type": "@n8n/n8n-nodes-langchain.toolWorkflow",
      "typeVersion": 2,
      "position": [
        -100,
        180
      ],
      "id": "ad5dcea9-5e7b-4913-9a9b-ebd75f020dcc",
      "name": "Mafalda"
    },
    {
      "parameters": {
        "name": "Maria",
        "description": "Use essa tool toda vez que o usuário desejar realizar uma ação com sua lista de despesas",
        "workflowId": {
          "__rl": true,
          "value": "J81YpE1a2myzp0Gb",
          "mode": "id"
        },
        "workflowInputs": {
          "mappingMode": "defineBelow",
          "value": {},
          "matchingColumns": [],
          "schema": [],
          "attemptToConvertTypes": false,
          "convertFieldsToString": false
        }
      },
      "type": "@n8n/n8n-nodes-langchain.toolWorkflow",
      "typeVersion": 2,
      "position": [
        40,
        180
      ],
      "id": "60490d7c-a854-4883-aebf-187dbc0974e4",
      "name": "Maria"
    },
    {
      "parameters": {},
      "type": "@n8n/n8n-nodes-langchain.toolCalculator",
      "typeVersion": 1,
      "position": [
        180,
        180
      ],
      "id": "9d1981a2-2e81-4863-b2e5-d5881d92dccd",
      "name": "Calculator"
    },
    {
      "parameters": {
        "method": "POST",
        "url": "=https://sua-url-do-evolution/message/sendText/sua-instancia",
        "sendHeaders": true,
        "headerParameters": {
          "parameters": [
            {
              "name": "apikey",
              "value": "sua-api"
            }
          ]
        },
        "sendBody": true,
        "specifyBody": "json",
        "jsonBody": "={\n    \"number\": \"{{ $('Webhook').item.json[\"body\"][\"data\"][\"key\"][\"remoteJid\"] }}\",\n    \"text\": \"{{ $json.output.replace(/\\n/g, \"\\\\n\").replace(/['\"]/g, '') }}\"\n}",
        "options": {}
      },
      "id": "2449f807-f47d-4b00-94e4-ab00d1003631",
      "name": "Responde texto",
      "type": "n8n-nodes-base.httpRequest",
      "typeVersion": 4.2,
      "position": [
        360,
        -60
      ]
    },
    {
      "parameters": {
        "promptType": "define",
        "text": "={{ $json.mensagem }}",
        "options": {
          "systemMessage": "=# Visão Geral\nVocê é a Marcela, assistente pessoal definitiva do Well Pires, da Maven AI Solutions. Sua tarefa é gerenciar um time de agentes que trabalham na Maven AI e enviar a solicitação do usuário para a agente correta. Você nunca deve escrever e-mails ou mesmo criar resumos; você só precisa chamar a ferramenta correta.\n\n# Agentes\n- Martina: Chame esta Agente para gerenciar Emails\n- Malu: Chame esta Agente para gerenciar o calendário\n- Mafalda: Chame esta Agente para obter, atualizar ou adicionar contatos\n-Maria: Chame esta Agente para obter, atualizar ou adicionar despesas na lista de despesas\n\n# Regras\n- Algumas ações exigem que você primeiro busque informações de contato. Para as seguintes ações, você deve obter as informações de contato e enviá-las para a ferramenta que precisa:\n  - enviar e-mails\n  - rascunhar e-mails\n  - criar evento de calendário com participante\n\n# Exemplos\n1) Entrada: enviar um e-mail para Well Pires perguntando a que horas ele quer sair.\n   - Ação: Chamar \"Martina\" para obter o e-mail de Well Pires\n   - Ação: Usar \"Martina\" para enviar o e-mail. Você passará para a ferramenta uma consulta como “envie um e-mail para Well Pires perguntando a que horas ele quer sair. Aqui está o e-mail dele: [endereço de e-mail]”\n   - Saída: O e-mail foi enviado para Well Pires. Posso ajudar com mais alguma coisa?\n\n## Lembretes Finais\nAqui está a data/hora atual: {{ $now }}\n"
        }
      },
      "type": "@n8n/n8n-nodes-langchain.agent",
      "typeVersion": 1.7,
      "position": [
        -400,
        -60
      ],
      "id": "37e149f9-1946-46f8-9b63-df28328c3bcb",
      "name": "Marcela"
    }
  ],
  "pinData": {},
  "connections": {
    "Webhook": {
      "main": [
        [
          {
            "node": "Switch",
            "type": "main",
            "index": 0
          }
        ]
      ]
    },
    "OpenAI Chat Model": {
      "ai_languageModel": [
        [
          {
            "node": "Marcela",
            "type": "ai_languageModel",
            "index": 0
          }
        ]
      ]
    },
    "Window Buffer Memory": {
      "ai_memory": [
        [
          {
            "node": "Marcela",
            "type": "ai_memory",
            "index": 0
          }
        ]
      ]
    },
    "Switch": {
      "main": [
        [
          {
            "node": "Edit Fields",
            "type": "main",
            "index": 0
          }
        ],
        [
          {
            "node": "Edit Fields1",
            "type": "main",
            "index": 0
          }
        ]
      ]
    },
    "Edit Fields": {
      "main": [
        [
          {
            "node": "Marcela",
            "type": "main",
            "index": 0
          }
        ]
      ]
    },
    "Edit Fields1": {
      "main": [
        [
          {
            "node": "Convert to File",
            "type": "main",
            "index": 0
          }
        ]
      ]
    },
    "Convert to File": {
      "main": [
        [
          {
            "node": "OpenAI",
            "type": "main",
            "index": 0
          }
        ]
      ]
    },
    "OpenAI": {
      "main": [
        [
          {
            "node": "Marcela",
            "type": "main",
            "index": 0
          }
        ]
      ]
    },
    "Martina": {
      "ai_tool": [
        [
          {
            "node": "Marcela",
            "type": "ai_tool",
            "index": 0
          }
        ]
      ]
    },
    "Malu": {
      "ai_tool": [
        [
          {
            "node": "Marcela",
            "type": "ai_tool",
            "index": 0
          }
        ]
      ]
    },
    "Mafalda": {
      "ai_tool": [
        [
          {
            "node": "Marcela",
            "type": "ai_tool",
            "index": 0
          }
        ]
      ]
    },
    "Maria": {
      "ai_tool": [
        [
          {
            "node": "Marcela",
            "type": "ai_tool",
            "index": 0
          }
        ]
      ]
    },
    "Calculator": {
      "ai_tool": [
        [
          {
            "node": "Marcela",
            "type": "ai_tool",
            "index": 0
          }
        ]
      ]
    },
    "Marcela": {
      "main": [
        [
          {
            "node": "Responde texto",
            "type": "main",
            "index": 0
          }
        ]
      ]
    }
  },
  "active": true,
  "settings": {
    "executionOrder": "v1"
  },
  "versionId": "96d03b48-eb82-4608-8863-20ab65b7ecd0",
  "meta": {
    "templateCredsSetupCompleted": true,
    "instanceId": "18988e6b4f42af40aca85a1163391e48c93f3b0236839a2cfb30e918dffc1c42"
  },
  "id": "Uc9UrcUYurRfUxmu",
  "tags": []
}