{
  "name": "Disparo 1x1 - WhatsApp copy",
  "nodes": [
    {
      "parameters": {},
      "type": "n8n-nodes-base.manualTrigger",
      "typeVersion": 1,
      "position": [
        -120,
        0
      ],
      "id": "a6d12cb8-a8d1-49bc-afe9-90fce5f2831e",
      "name": "When clicking ‘Test workflow’"
    },
    {
      "parameters": {
        "documentId": {
          "__rl": true,
          "value": "1Bovo8qF3MjuiqM0XRVlXuRuRfwVbbLwyt8dDz5IIR2I",
          "mode": "list",
          "cachedResultName": "Assinaturas Ativas - Abril",
          "cachedResultUrl": "https://docs.google.com/spreadsheets/d/1Bovo8qF3MjuiqM0XRVlXuRuRfwVbbLwyt8dDz5IIR2I/edit?usp=drivesdk"
        },
        "sheetName": {
          "__rl": true,
          "value": 1954080157,
          "mode": "list",
          "cachedResultName": "sales_exhlio_1744373833094",
          "cachedResultUrl": "https://docs.google.com/spreadsheets/d/1Bovo8qF3MjuiqM0XRVlXuRuRfwVbbLwyt8dDz5IIR2I/edit#gid=1954080157"
        },
        "options": {}
      },
      "type": "n8n-nodes-base.googleSheets",
      "typeVersion": 4.5,
      "position": [
        60,
        0
      ],
      "id": "1d371598-dc25-42cc-a6c9-19c06deac843",
      "name": "Google Sheets",
      "credentials": {
        "googleSheetsOAuth2Api": {
          "id": "3xHZBtaJlqAZRf99",
          "name": "Central WPAA (Well Pires)"
        }
      }
    },
    {
      "parameters": {
        "options": {}
      },
      "type": "n8n-nodes-base.splitInBatches",
      "typeVersion": 3,
      "position": [
        300,
        0
      ],
      "id": "3c4c06d3-425e-47f7-a73f-9ac4dca8a122",
      "name": "Loop Over Items"
    },
    {
      "parameters": {},
      "type": "n8n-nodes-base.noOp",
      "name": "Replace Me",
      "typeVersion": 1,
      "position": [
        1320,
        0
      ],
      "id": "7ad58fa2-9eb2-42e7-8e60-4456984b586b"
    },
    {
      "parameters": {
        "jsCode": "function generateRandomTime() {\n  // Gera um número aleatório entre 0 e 1\n  const random = Math.random();\n  \n  // Converte para o intervalo de 3 a 6\n  const time = 3 + (random * 3);\n  \n  // Limita para duas casas decimais\n  return Number(time.toFixed(2));\n}\n\n// Atribui o valor à variável time\nconst time = generateRandomTime();\n\n// Retorna um array com um objeto contendo o valor time\nreturn [\n  {\n    time: time\n  }\n];"
      },
      "type": "n8n-nodes-base.code",
      "typeVersion": 2,
      "position": [
        520,
        0
      ],
      "id": "9aba55ca-a3e6-41bc-a0e3-6a6b4d2c8beb",
      "name": "Code"
    },
    {
      "parameters": {
        "amount": "={{ $('Code').item.json.time }}"
      },
      "type": "n8n-nodes-base.wait",
      "typeVersion": 1.1,
      "position": [
        1120,
        0
      ],
      "id": "a58d9b1e-13af-4aa8-9e11-e90a035177fc",
      "name": "Wait",
      "webhookId": "964a7b94-b062-4729-9370-48f8b621b1b8"
    },
    {
      "parameters": {
        "assignments": {
          "assignments": [
            {
              "id": "631235ba-48f6-4e54-a6c3-0224cb52004b",
              "name": "time",
              "value": "={{ $('Code').item.json.time.toString() }}",
              "type": "string"
            },
            {
              "id": "0650cf5a-1c19-4dd8-8f39-e555f3e0f344",
              "name": "telefone",
              "value": "={{ $('Google Sheets').item.json['Customer Phone'] }}",
              "type": "string"
            }
          ]
        },
        "options": {}
      },
      "type": "n8n-nodes-base.set",
      "typeVersion": 3.4,
      "position": [
        720,
        0
      ],
      "id": "62ac2d84-e36c-498d-be09-b78de9c27097",
      "name": "Edit Fields"
    },
    {
      "parameters": {
        "method": "POST",
        "url": "=",
        "sendHeaders": true,
        "headerParameters": {
          "parameters": [
            {
              "name": "apikey"
            }
          ]
        },
        "sendBody": true,
        "specifyBody": "json",
        "jsonBody": "={\n    \"number\": \"{{ $('Google Sheets').item.json['Customer Phone'] }}\",\n    \"text\": \"Escreva sua mensagem\"\n}",
        "options": {}
      },
      "id": "ce9df706-93ad-4d01-bcd8-c179698054b2",
      "name": "Disparo WhatsApp",
      "type": "n8n-nodes-base.httpRequest",
      "typeVersion": 4.2,
      "position": [
        900,
        0
      ]
    }
  ],
  "pinData": {},
  "connections": {
    "When clicking ‘Test workflow’": {
      "main": [
        [
          {
            "node": "Google Sheets",
            "type": "main",
            "index": 0
          }
        ]
      ]
    },
    "Google Sheets": {
      "main": [
        [
          {
            "node": "Loop Over Items",
            "type": "main",
            "index": 0
          }
        ]
      ]
    },
    "Loop Over Items": {
      "main": [
        [],
        [
          {
            "node": "Code",
            "type": "main",
            "index": 0
          }
        ]
      ]
    },
    "Replace Me": {
      "main": [
        [
          {
            "node": "Loop Over Items",
            "type": "main",
            "index": 0
          }
        ]
      ]
    },
    "Code": {
      "main": [
        [
          {
            "node": "Edit Fields",
            "type": "main",
            "index": 0
          }
        ]
      ]
    },
    "Wait": {
      "main": [
        [
          {
            "node": "Replace Me",
            "type": "main",
            "index": 0
          }
        ]
      ]
    },
    "Edit Fields": {
      "main": [
        [
          {
            "node": "Disparo WhatsApp",
            "type": "main",
            "index": 0
          }
        ]
      ]
    },
    "Disparo WhatsApp": {
      "main": [
        [
          {
            "node": "Wait",
            "type": "main",
            "index": 0
          }
        ]
      ]
    }
  },
  "active": false,
  "settings": {
    "executionOrder": "v1"
  },
  "versionId": "e5635f08-8a2d-4ece-bf01-eea6a33c179e",
  "meta": {
    "templateCredsSetupCompleted": true,
    "instanceId": "18988e6b4f42af40aca85a1163391e48c93f3b0236839a2cfb30e918dffc1c42"
  },
  "id": "mB6pwxAuNdWH2cFo",
  "tags": []
}